,lr,module,momentum,hidden_size,weight_decay,score
0,0.01,<function relu at 0x7f85ba874d30>,0.85,50,0.0001,0.7312500000000001
1,0.01,<function relu at 0x7f85ba874d30>,0.85,50,0.001,0.7324999999999999
2,0.01,<function relu at 0x7f85ba874d30>,0.85,50,0.01,0.70125
3,0.01,<function relu at 0x7f85ba874d30>,0.9,50,0.0001,0.74
4,0.01,<function relu at 0x7f85ba874d30>,0.9,50,0.001,0.7350000000000001
5,0.01,<function relu at 0x7f85ba874d30>,0.9,50,0.01,0.7350000000000001
6,0.01,<function relu at 0x7f85ba874d30>,0.95,50,0.0001,0.7425
7,0.01,<function relu at 0x7f85ba874d30>,0.95,50,0.001,0.735
8,0.01,<function relu at 0x7f85ba874d30>,0.95,50,0.01,0.73375
9,0.01,<function sigmoid at 0x7f85ba876700>,0.85,50,0.0001,0.53625
10,0.01,<function sigmoid at 0x7f85ba876700>,0.85,50,0.001,0.5387500000000001
11,0.01,<function sigmoid at 0x7f85ba876700>,0.85,50,0.01,0.545
12,0.01,<function sigmoid at 0x7f85ba876700>,0.9,50,0.0001,0.6225
13,0.01,<function sigmoid at 0x7f85ba876700>,0.9,50,0.001,0.5662499999999999
14,0.01,<function sigmoid at 0x7f85ba876700>,0.9,50,0.01,0.56875
15,0.01,<function sigmoid at 0x7f85ba876700>,0.95,50,0.0001,0.73375
16,0.01,<function sigmoid at 0x7f85ba876700>,0.95,50,0.001,0.70875
17,0.01,<function sigmoid at 0x7f85ba876700>,0.95,50,0.01,0.71125
18,0.01,<function tanh at 0x7f85ba876670>,0.85,50,0.0001,0.7450000000000001
19,0.01,<function tanh at 0x7f85ba876670>,0.85,50,0.001,0.7337499999999999
20,0.01,<function tanh at 0x7f85ba876670>,0.85,50,0.01,0.7425
21,0.01,<function tanh at 0x7f85ba876670>,0.9,50,0.0001,0.755
22,0.01,<function tanh at 0x7f85ba876670>,0.9,50,0.001,0.7499999999999999
23,0.01,<function tanh at 0x7f85ba876670>,0.9,50,0.01,0.74625
24,0.01,<function tanh at 0x7f85ba876670>,0.95,50,0.0001,0.75
25,0.01,<function tanh at 0x7f85ba876670>,0.95,50,0.001,0.73875
26,0.01,<function tanh at 0x7f85ba876670>,0.95,50,0.01,0.76
27,0.01,<function relu at 0x7f85ba874d30>,0.85,100,0.0001,0.74625
28,0.01,<function relu at 0x7f85ba874d30>,0.85,100,0.001,0.7525
29,0.01,<function relu at 0x7f85ba874d30>,0.85,100,0.01,0.73125
30,0.01,<function relu at 0x7f85ba874d30>,0.9,100,0.0001,0.7425
31,0.01,<function relu at 0x7f85ba874d30>,0.9,100,0.001,0.7387499999999999
32,0.01,<function relu at 0x7f85ba874d30>,0.9,100,0.01,0.7449999999999999
33,0.01,<function relu at 0x7f85ba874d30>,0.95,100,0.0001,0.7449999999999999
34,0.01,<function relu at 0x7f85ba874d30>,0.95,100,0.001,0.73875
35,0.01,<function relu at 0x7f85ba874d30>,0.95,100,0.01,0.745
36,0.01,<function sigmoid at 0x7f85ba876700>,0.85,100,0.0001,0.6462500000000001
37,0.01,<function sigmoid at 0x7f85ba876700>,0.85,100,0.001,0.6412500000000001
38,0.01,<function sigmoid at 0x7f85ba876700>,0.85,100,0.01,0.6362499999999999
39,0.01,<function sigmoid at 0x7f85ba876700>,0.9,100,0.0001,0.68
40,0.01,<function sigmoid at 0x7f85ba876700>,0.9,100,0.001,0.67
41,0.01,<function sigmoid at 0x7f85ba876700>,0.9,100,0.01,0.6475000000000001
42,0.01,<function sigmoid at 0x7f85ba876700>,0.95,100,0.0001,0.7175
43,0.01,<function sigmoid at 0x7f85ba876700>,0.95,100,0.001,0.72
44,0.01,<function sigmoid at 0x7f85ba876700>,0.95,100,0.01,0.6812500000000001
45,0.01,<function tanh at 0x7f85ba876670>,0.85,100,0.0001,0.7350000000000001
46,0.01,<function tanh at 0x7f85ba876670>,0.85,100,0.001,0.7537499999999999
47,0.01,<function tanh at 0x7f85ba876670>,0.85,100,0.01,0.73375
48,0.01,<function tanh at 0x7f85ba876670>,0.9,100,0.0001,0.74625
49,0.01,<function tanh at 0x7f85ba876670>,0.9,100,0.001,0.75125
50,0.01,<function tanh at 0x7f85ba876670>,0.9,100,0.01,0.755
51,0.01,<function tanh at 0x7f85ba876670>,0.95,100,0.0001,0.765
52,0.01,<function tanh at 0x7f85ba876670>,0.95,100,0.001,0.7562499999999999
53,0.01,<function tanh at 0x7f85ba876670>,0.95,100,0.01,0.7612500000000001
54,0.01,<function relu at 0x7f85ba874d30>,0.85,200,0.0001,0.7525
55,0.01,<function relu at 0x7f85ba874d30>,0.85,200,0.001,0.76
56,0.01,<function relu at 0x7f85ba874d30>,0.85,200,0.01,0.7424999999999999
57,0.01,<function relu at 0x7f85ba874d30>,0.9,200,0.0001,0.75375
58,0.01,<function relu at 0x7f85ba874d30>,0.9,200,0.001,0.7637499999999999
59,0.01,<function relu at 0x7f85ba874d30>,0.9,200,0.01,0.745
60,0.01,<function relu at 0x7f85ba874d30>,0.95,200,0.0001,0.76625
61,0.01,<function relu at 0x7f85ba874d30>,0.95,200,0.001,0.765
62,0.01,<function relu at 0x7f85ba874d30>,0.95,200,0.01,0.76
63,0.01,<function sigmoid at 0x7f85ba876700>,0.85,200,0.0001,0.71875
64,0.01,<function sigmoid at 0x7f85ba876700>,0.85,200,0.001,0.715
65,0.01,<function sigmoid at 0x7f85ba876700>,0.85,200,0.01,0.7224999999999999
66,0.01,<function sigmoid at 0x7f85ba876700>,0.9,200,0.0001,0.7449999999999999
67,0.01,<function sigmoid at 0x7f85ba876700>,0.9,200,0.001,0.73625
68,0.01,<function sigmoid at 0x7f85ba876700>,0.9,200,0.01,0.73375
69,0.01,<function sigmoid at 0x7f85ba876700>,0.95,200,0.0001,0.74375
70,0.01,<function sigmoid at 0x7f85ba876700>,0.95,200,0.001,0.7287500000000001
71,0.01,<function sigmoid at 0x7f85ba876700>,0.95,200,0.01,0.74625
72,0.01,<function tanh at 0x7f85ba876670>,0.85,200,0.0001,0.7562499999999999
73,0.01,<function tanh at 0x7f85ba876670>,0.85,200,0.001,0.7525000000000001
74,0.01,<function tanh at 0x7f85ba876670>,0.85,200,0.01,0.7587499999999999
75,0.01,<function tanh at 0x7f85ba876670>,0.9,200,0.0001,0.7625
76,0.01,<function tanh at 0x7f85ba876670>,0.9,200,0.001,0.7662500000000001
77,0.01,<function tanh at 0x7f85ba876670>,0.9,200,0.01,0.77
78,0.01,<function tanh at 0x7f85ba876670>,0.95,200,0.0001,0.7649999999999999
79,0.01,<function tanh at 0x7f85ba876670>,0.95,200,0.001,0.765
80,0.01,<function tanh at 0x7f85ba876670>,0.95,200,0.01,0.77125
81,0.01,<function relu at 0x7f85ba874d30>,0.85,300,0.0001,0.75625
82,0.01,<function relu at 0x7f85ba874d30>,0.85,300,0.001,0.7675
83,0.01,<function relu at 0x7f85ba874d30>,0.85,300,0.01,0.7625
84,0.01,<function relu at 0x7f85ba874d30>,0.9,300,0.0001,0.7587499999999999
85,0.01,<function relu at 0x7f85ba874d30>,0.9,300,0.001,0.7625
86,0.01,<function relu at 0x7f85ba874d30>,0.9,300,0.01,0.77125
87,0.01,<function relu at 0x7f85ba874d30>,0.95,300,0.0001,0.77125
88,0.01,<function relu at 0x7f85ba874d30>,0.95,300,0.001,0.7675000000000001
89,0.01,<function relu at 0x7f85ba874d30>,0.95,300,0.01,0.7675
90,0.01,<function sigmoid at 0x7f85ba876700>,0.85,300,0.0001,0.74375
91,0.01,<function sigmoid at 0x7f85ba876700>,0.85,300,0.001,0.7387500000000001
92,0.01,<function sigmoid at 0x7f85ba876700>,0.85,300,0.01,0.7437499999999999
93,0.01,<function sigmoid at 0x7f85ba876700>,0.9,300,0.0001,0.7437500000000001
94,0.01,<function sigmoid at 0x7f85ba876700>,0.9,300,0.001,0.7337499999999999
95,0.01,<function sigmoid at 0x7f85ba876700>,0.9,300,0.01,0.73625
96,0.01,<function sigmoid at 0x7f85ba876700>,0.95,300,0.0001,0.74
97,0.01,<function sigmoid at 0x7f85ba876700>,0.95,300,0.001,0.74375
98,0.01,<function sigmoid at 0x7f85ba876700>,0.95,300,0.01,0.7375
99,0.01,<function tanh at 0x7f85ba876670>,0.85,300,0.0001,0.76875
100,0.01,<function tanh at 0x7f85ba876670>,0.85,300,0.001,0.76
101,0.01,<function tanh at 0x7f85ba876670>,0.85,300,0.01,0.76125
102,0.01,<function tanh at 0x7f85ba876670>,0.9,300,0.0001,0.77375
103,0.01,<function tanh at 0x7f85ba876670>,0.9,300,0.001,0.7649999999999999
104,0.01,<function tanh at 0x7f85ba876670>,0.9,300,0.01,0.7725
105,0.01,<function tanh at 0x7f85ba876670>,0.95,300,0.0001,0.7675000000000001
106,0.01,<function tanh at 0x7f85ba876670>,0.95,300,0.001,0.7662499999999999
107,0.01,<function tanh at 0x7f85ba876670>,0.95,300,0.01,0.77125
108,0.05,<function relu at 0x7f85ba874d30>,0.85,50,0.0001,0.7649999999999999
109,0.05,<function relu at 0x7f85ba874d30>,0.85,50,0.001,0.7525
110,0.05,<function relu at 0x7f85ba874d30>,0.85,50,0.01,0.7724999999999999
111,0.05,<function relu at 0x7f85ba874d30>,0.9,50,0.0001,0.7675000000000001
112,0.05,<function relu at 0x7f85ba874d30>,0.9,50,0.001,0.7712500000000001
113,0.05,<function relu at 0x7f85ba874d30>,0.9,50,0.01,0.77
114,0.05,<function relu at 0x7f85ba874d30>,0.95,50,0.0001,0.7675000000000001
115,0.05,<function relu at 0x7f85ba874d30>,0.95,50,0.001,0.75625
116,0.05,<function relu at 0x7f85ba874d30>,0.95,50,0.01,0.7675
117,0.05,<function sigmoid at 0x7f85ba876700>,0.85,50,0.0001,0.7224999999999999
118,0.05,<function sigmoid at 0x7f85ba876700>,0.85,50,0.001,0.71375
119,0.05,<function sigmoid at 0x7f85ba876700>,0.85,50,0.01,0.70625
120,0.05,<function sigmoid at 0x7f85ba876700>,0.9,50,0.0001,0.75125
121,0.05,<function sigmoid at 0x7f85ba876700>,0.9,50,0.001,0.7350000000000001
122,0.05,<function sigmoid at 0x7f85ba876700>,0.9,50,0.01,0.715
123,0.05,<function sigmoid at 0x7f85ba876700>,0.95,50,0.0001,0.74125
124,0.05,<function sigmoid at 0x7f85ba876700>,0.95,50,0.001,0.7325
125,0.05,<function sigmoid at 0x7f85ba876700>,0.95,50,0.01,0.72875
126,0.05,<function tanh at 0x7f85ba876670>,0.85,50,0.0001,0.75875
127,0.05,<function tanh at 0x7f85ba876670>,0.85,50,0.001,0.7662500000000001
128,0.05,<function tanh at 0x7f85ba876670>,0.85,50,0.01,0.75125
129,0.05,<function tanh at 0x7f85ba876670>,0.9,50,0.0001,0.755
130,0.05,<function tanh at 0x7f85ba876670>,0.9,50,0.001,0.75125
131,0.05,<function tanh at 0x7f85ba876670>,0.9,50,0.01,0.7525
132,0.05,<function tanh at 0x7f85ba876670>,0.95,50,0.0001,0.7575000000000001
133,0.05,<function tanh at 0x7f85ba876670>,0.95,50,0.001,0.7575000000000001
134,0.05,<function tanh at 0x7f85ba876670>,0.95,50,0.01,0.755
135,0.05,<function relu at 0x7f85ba874d30>,0.85,100,0.0001,0.77375
136,0.05,<function relu at 0x7f85ba874d30>,0.85,100,0.001,0.77125
137,0.05,<function relu at 0x7f85ba874d30>,0.85,100,0.01,0.77
138,0.05,<function relu at 0x7f85ba874d30>,0.9,100,0.0001,0.77625
139,0.05,<function relu at 0x7f85ba874d30>,0.9,100,0.001,0.7737499999999999
140,0.05,<function relu at 0x7f85ba874d30>,0.9,100,0.01,0.76875
141,0.05,<function relu at 0x7f85ba874d30>,0.95,100,0.0001,0.76875
142,0.05,<function relu at 0x7f85ba874d30>,0.95,100,0.001,0.7725000000000001
143,0.05,<function relu at 0x7f85ba874d30>,0.95,100,0.01,0.7675
144,0.05,<function sigmoid at 0x7f85ba876700>,0.85,100,0.0001,0.7375
145,0.05,<function sigmoid at 0x7f85ba876700>,0.85,100,0.001,0.73375
146,0.05,<function sigmoid at 0x7f85ba876700>,0.85,100,0.01,0.7425000000000002
147,0.05,<function sigmoid at 0x7f85ba876700>,0.9,100,0.0001,0.7537499999999999
148,0.05,<function sigmoid at 0x7f85ba876700>,0.9,100,0.001,0.7375
149,0.05,<function sigmoid at 0x7f85ba876700>,0.9,100,0.01,0.7449999999999999
150,0.05,<function sigmoid at 0x7f85ba876700>,0.95,100,0.0001,0.73875
151,0.05,<function sigmoid at 0x7f85ba876700>,0.95,100,0.001,0.7462499999999999
152,0.05,<function sigmoid at 0x7f85ba876700>,0.95,100,0.01,0.7424999999999999
153,0.05,<function tanh at 0x7f85ba876670>,0.85,100,0.0001,0.7600000000000001
154,0.05,<function tanh at 0x7f85ba876670>,0.85,100,0.001,0.76375
155,0.05,<function tanh at 0x7f85ba876670>,0.85,100,0.01,0.7537499999999999
156,0.05,<function tanh at 0x7f85ba876670>,0.9,100,0.0001,0.77125
157,0.05,<function tanh at 0x7f85ba876670>,0.9,100,0.001,0.77125
158,0.05,<function tanh at 0x7f85ba876670>,0.9,100,0.01,0.7675
159,0.05,<function tanh at 0x7f85ba876670>,0.95,100,0.0001,0.7675
160,0.05,<function tanh at 0x7f85ba876670>,0.95,100,0.001,0.7725000000000001
161,0.05,<function tanh at 0x7f85ba876670>,0.95,100,0.01,0.7725
162,0.05,<function relu at 0x7f85ba874d30>,0.85,200,0.0001,0.7787499999999999
163,0.05,<function relu at 0x7f85ba874d30>,0.85,200,0.001,0.7787499999999999
164,0.05,<function relu at 0x7f85ba874d30>,0.85,200,0.01,0.7787499999999998
165,0.05,<function relu at 0x7f85ba874d30>,0.9,200,0.0001,0.7875
166,0.05,<function relu at 0x7f85ba874d30>,0.9,200,0.001,0.77875
167,0.05,<function relu at 0x7f85ba874d30>,0.9,200,0.01,0.7787499999999998
168,0.05,<function relu at 0x7f85ba874d30>,0.95,200,0.0001,0.7825
169,0.05,<function relu at 0x7f85ba874d30>,0.95,200,0.001,0.78
170,0.05,<function relu at 0x7f85ba874d30>,0.95,200,0.01,0.7900000000000001
171,0.05,<function sigmoid at 0x7f85ba876700>,0.85,200,0.0001,0.7425
172,0.05,<function sigmoid at 0x7f85ba876700>,0.85,200,0.001,0.7275
173,0.05,<function sigmoid at 0x7f85ba876700>,0.85,200,0.01,0.73125
174,0.05,<function sigmoid at 0x7f85ba876700>,0.9,200,0.0001,0.7425
175,0.05,<function sigmoid at 0x7f85ba876700>,0.9,200,0.001,0.74
176,0.05,<function sigmoid at 0x7f85ba876700>,0.9,200,0.01,0.735
177,0.05,<function sigmoid at 0x7f85ba876700>,0.95,200,0.0001,0.7412500000000001
178,0.05,<function sigmoid at 0x7f85ba876700>,0.95,200,0.001,0.7374999999999999
179,0.05,<function sigmoid at 0x7f85ba876700>,0.95,200,0.01,0.73875
180,0.05,<function tanh at 0x7f85ba876670>,0.85,200,0.0001,0.7725000000000001
181,0.05,<function tanh at 0x7f85ba876670>,0.85,200,0.001,0.77125
182,0.05,<function tanh at 0x7f85ba876670>,0.85,200,0.01,0.76875
183,0.05,<function tanh at 0x7f85ba876670>,0.9,200,0.0001,0.7837499999999998
184,0.05,<function tanh at 0x7f85ba876670>,0.9,200,0.001,0.775
185,0.05,<function tanh at 0x7f85ba876670>,0.9,200,0.01,0.77125
186,0.05,<function tanh at 0x7f85ba876670>,0.95,200,0.0001,0.785
187,0.05,<function tanh at 0x7f85ba876670>,0.95,200,0.001,0.7862500000000001
188,0.05,<function tanh at 0x7f85ba876670>,0.95,200,0.01,0.7899999999999999
189,0.05,<function relu at 0x7f85ba874d30>,0.85,300,0.0001,0.7737499999999999
190,0.05,<function relu at 0x7f85ba874d30>,0.85,300,0.001,0.785
191,0.05,<function relu at 0x7f85ba874d30>,0.85,300,0.01,0.7787499999999999
192,0.05,<function relu at 0x7f85ba874d30>,0.9,300,0.0001,0.7775000000000001
193,0.05,<function relu at 0x7f85ba874d30>,0.9,300,0.001,0.7849999999999999
194,0.05,<function relu at 0x7f85ba874d30>,0.9,300,0.01,0.78375
195,0.05,<function relu at 0x7f85ba874d30>,0.95,300,0.0001,0.78875
196,0.05,<function relu at 0x7f85ba874d30>,0.95,300,0.001,0.79
197,0.05,<function relu at 0x7f85ba874d30>,0.95,300,0.01,0.79125
198,0.05,<function sigmoid at 0x7f85ba876700>,0.85,300,0.0001,0.7375
199,0.05,<function sigmoid at 0x7f85ba876700>,0.85,300,0.001,0.72875
200,0.05,<function sigmoid at 0x7f85ba876700>,0.85,300,0.01,0.70875
201,0.05,<function sigmoid at 0x7f85ba876700>,0.9,300,0.0001,0.735
202,0.05,<function sigmoid at 0x7f85ba876700>,0.9,300,0.001,0.7462500000000001
203,0.05,<function sigmoid at 0x7f85ba876700>,0.9,300,0.01,0.7074999999999999
204,0.05,<function sigmoid at 0x7f85ba876700>,0.95,300,0.0001,0.7475000000000002
205,0.05,<function sigmoid at 0x7f85ba876700>,0.95,300,0.001,0.75
206,0.05,<function sigmoid at 0x7f85ba876700>,0.95,300,0.01,0.7262500000000001
207,0.05,<function tanh at 0x7f85ba876670>,0.85,300,0.0001,0.77625
208,0.05,<function tanh at 0x7f85ba876670>,0.85,300,0.001,0.7825000000000001
209,0.05,<function tanh at 0x7f85ba876670>,0.85,300,0.01,0.7849999999999999
210,0.05,<function tanh at 0x7f85ba876670>,0.9,300,0.0001,0.7887500000000001
211,0.05,<function tanh at 0x7f85ba876670>,0.9,300,0.001,0.7874999999999999
212,0.05,<function tanh at 0x7f85ba876670>,0.9,300,0.01,0.7849999999999999
213,0.05,<function tanh at 0x7f85ba876670>,0.95,300,0.0001,0.8087500000000001
214,0.05,<function tanh at 0x7f85ba876670>,0.95,300,0.001,0.7962499999999999
215,0.05,<function tanh at 0x7f85ba876670>,0.95,300,0.01,0.7862499999999999
216,0.1,<function relu at 0x7f85ba874d30>,0.85,50,0.0001,0.7737499999999999
217,0.1,<function relu at 0x7f85ba874d30>,0.85,50,0.001,0.7737499999999999
218,0.1,<function relu at 0x7f85ba874d30>,0.85,50,0.01,0.77625
219,0.1,<function relu at 0x7f85ba874d30>,0.9,50,0.0001,0.77625
220,0.1,<function relu at 0x7f85ba874d30>,0.9,50,0.001,0.77
221,0.1,<function relu at 0x7f85ba874d30>,0.9,50,0.01,0.77625
222,0.1,<function relu at 0x7f85ba874d30>,0.95,50,0.0001,0.775
223,0.1,<function relu at 0x7f85ba874d30>,0.95,50,0.001,0.7775
224,0.1,<function relu at 0x7f85ba874d30>,0.95,50,0.01,0.79125
225,0.1,<function sigmoid at 0x7f85ba876700>,0.85,50,0.0001,0.72625
226,0.1,<function sigmoid at 0x7f85ba876700>,0.85,50,0.001,0.715
227,0.1,<function sigmoid at 0x7f85ba876700>,0.85,50,0.01,0.6837500000000001
228,0.1,<function sigmoid at 0x7f85ba876700>,0.9,50,0.0001,0.74375
229,0.1,<function sigmoid at 0x7f85ba876700>,0.9,50,0.001,0.76
230,0.1,<function sigmoid at 0x7f85ba876700>,0.9,50,0.01,0.72875
231,0.1,<function sigmoid at 0x7f85ba876700>,0.95,50,0.0001,0.7375
232,0.1,<function sigmoid at 0x7f85ba876700>,0.95,50,0.001,0.74875
233,0.1,<function sigmoid at 0x7f85ba876700>,0.95,50,0.01,0.64625
234,0.1,<function tanh at 0x7f85ba876670>,0.85,50,0.0001,0.74875
235,0.1,<function tanh at 0x7f85ba876670>,0.85,50,0.001,0.76125
236,0.1,<function tanh at 0x7f85ba876670>,0.85,50,0.01,0.7625
237,0.1,<function tanh at 0x7f85ba876670>,0.9,50,0.0001,0.76875
238,0.1,<function tanh at 0x7f85ba876670>,0.9,50,0.001,0.7649999999999999
239,0.1,<function tanh at 0x7f85ba876670>,0.9,50,0.01,0.7612500000000001
240,0.1,<function tanh at 0x7f85ba876670>,0.95,50,0.0001,0.76875
241,0.1,<function tanh at 0x7f85ba876670>,0.95,50,0.001,0.7775000000000001
242,0.1,<function tanh at 0x7f85ba876670>,0.95,50,0.01,0.7462500000000001
243,0.1,<function relu at 0x7f85ba874d30>,0.85,100,0.0001,0.7725
244,0.1,<function relu at 0x7f85ba874d30>,0.85,100,0.001,0.7725
245,0.1,<function relu at 0x7f85ba874d30>,0.85,100,0.01,0.7750000000000001
246,0.1,<function relu at 0x7f85ba874d30>,0.9,100,0.0001,0.7737499999999999
247,0.1,<function relu at 0x7f85ba874d30>,0.9,100,0.001,0.7875
248,0.1,<function relu at 0x7f85ba874d30>,0.9,100,0.01,0.7787499999999999
249,0.1,<function relu at 0x7f85ba874d30>,0.95,100,0.0001,0.77625
250,0.1,<function relu at 0x7f85ba874d30>,0.95,100,0.001,0.7899999999999999
251,0.1,<function relu at 0x7f85ba874d30>,0.95,100,0.01,0.7874999999999999
252,0.1,<function sigmoid at 0x7f85ba876700>,0.85,100,0.0001,0.72125
253,0.1,<function sigmoid at 0x7f85ba876700>,0.85,100,0.001,0.72625
254,0.1,<function sigmoid at 0x7f85ba876700>,0.85,100,0.01,0.6725000000000001
255,0.1,<function sigmoid at 0x7f85ba876700>,0.9,100,0.0001,0.7162499999999999
256,0.1,<function sigmoid at 0x7f85ba876700>,0.9,100,0.001,0.7325000000000002
257,0.1,<function sigmoid at 0x7f85ba876700>,0.9,100,0.01,0.655
258,0.1,<function sigmoid at 0x7f85ba876700>,0.95,100,0.0001,0.74875
259,0.1,<function sigmoid at 0x7f85ba876700>,0.95,100,0.001,0.74875
260,0.1,<function sigmoid at 0x7f85ba876700>,0.95,100,0.01,0.6387499999999999
261,0.1,<function tanh at 0x7f85ba876670>,0.85,100,0.0001,0.7725000000000001
262,0.1,<function tanh at 0x7f85ba876670>,0.85,100,0.001,0.7725000000000001
263,0.1,<function tanh at 0x7f85ba876670>,0.85,100,0.01,0.765
264,0.1,<function tanh at 0x7f85ba876670>,0.9,100,0.0001,0.78375
265,0.1,<function tanh at 0x7f85ba876670>,0.9,100,0.001,0.79125
266,0.1,<function tanh at 0x7f85ba876670>,0.9,100,0.01,0.7750000000000001
267,0.1,<function tanh at 0x7f85ba876670>,0.95,100,0.0001,0.805
268,0.1,<function tanh at 0x7f85ba876670>,0.95,100,0.001,0.80375
269,0.1,<function tanh at 0x7f85ba876670>,0.95,100,0.01,0.795
270,0.1,<function relu at 0x7f85ba874d30>,0.85,200,0.0001,0.7862500000000001
271,0.1,<function relu at 0x7f85ba874d30>,0.85,200,0.001,0.78375
272,0.1,<function relu at 0x7f85ba874d30>,0.85,200,0.01,0.78
273,0.1,<function relu at 0x7f85ba874d30>,0.9,200,0.0001,0.7762500000000001
274,0.1,<function relu at 0x7f85ba874d30>,0.9,200,0.001,0.78375
275,0.1,<function relu at 0x7f85ba874d30>,0.9,200,0.01,0.77625
276,0.1,<function relu at 0x7f85ba874d30>,0.95,200,0.0001,0.8
277,0.1,<function relu at 0x7f85ba874d30>,0.95,200,0.001,0.7949999999999999
278,0.1,<function relu at 0x7f85ba874d30>,0.95,200,0.01,0.7975
279,0.1,<function sigmoid at 0x7f85ba876700>,0.85,200,0.0001,0.6375
280,0.1,<function sigmoid at 0x7f85ba876700>,0.85,200,0.001,0.6325000000000001
281,0.1,<function sigmoid at 0x7f85ba876700>,0.85,200,0.01,0.56125
282,0.1,<function sigmoid at 0x7f85ba876700>,0.9,200,0.0001,0.6725
283,0.1,<function sigmoid at 0x7f85ba876700>,0.9,200,0.001,0.6475
284,0.1,<function sigmoid at 0x7f85ba876700>,0.9,200,0.01,0.5574999999999999
285,0.1,<function sigmoid at 0x7f85ba876700>,0.95,200,0.0001,0.675
286,0.1,<function sigmoid at 0x7f85ba876700>,0.95,200,0.001,0.67625
287,0.1,<function sigmoid at 0x7f85ba876700>,0.95,200,0.01,0.5675
288,0.1,<function tanh at 0x7f85ba876670>,0.85,200,0.0001,0.7887500000000001
289,0.1,<function tanh at 0x7f85ba876670>,0.85,200,0.001,0.7924999999999999
290,0.1,<function tanh at 0x7f85ba876670>,0.85,200,0.01,0.7874999999999999
291,0.1,<function tanh at 0x7f85ba876670>,0.9,200,0.0001,0.8099999999999999
292,0.1,<function tanh at 0x7f85ba876670>,0.9,200,0.001,0.80625
293,0.1,<function tanh at 0x7f85ba876670>,0.9,200,0.01,0.79875
294,0.1,<function tanh at 0x7f85ba876670>,0.95,200,0.0001,0.8162500000000001
295,0.1,<function tanh at 0x7f85ba876670>,0.95,200,0.001,0.8087499999999999
296,0.1,<function tanh at 0x7f85ba876670>,0.95,200,0.01,0.8012499999999999
297,0.1,<function relu at 0x7f85ba874d30>,0.85,300,0.0001,0.78
298,0.1,<function relu at 0x7f85ba874d30>,0.85,300,0.001,0.7849999999999999
299,0.1,<function relu at 0x7f85ba874d30>,0.85,300,0.01,0.7787499999999999
300,0.1,<function relu at 0x7f85ba874d30>,0.9,300,0.0001,0.7787499999999999
301,0.1,<function relu at 0x7f85ba874d30>,0.9,300,0.001,0.7887500000000001
302,0.1,<function relu at 0x7f85ba874d30>,0.9,300,0.01,0.78
303,0.1,<function relu at 0x7f85ba874d30>,0.95,300,0.0001,0.78625
304,0.1,<function relu at 0x7f85ba874d30>,0.95,300,0.001,0.7887500000000001
305,0.1,<function relu at 0x7f85ba874d30>,0.95,300,0.01,0.7925
306,0.1,<function sigmoid at 0x7f85ba876700>,0.85,300,0.0001,0.57
307,0.1,<function sigmoid at 0x7f85ba876700>,0.85,300,0.001,0.5687499999999999
308,0.1,<function sigmoid at 0x7f85ba876700>,0.85,300,0.01,0.50875
309,0.1,<function sigmoid at 0x7f85ba876700>,0.9,300,0.0001,0.60625
310,0.1,<function sigmoid at 0x7f85ba876700>,0.9,300,0.001,0.635
311,0.1,<function sigmoid at 0x7f85ba876700>,0.9,300,0.01,0.5025000000000001
312,0.1,<function sigmoid at 0x7f85ba876700>,0.95,300,0.0001,0.60375
313,0.1,<function sigmoid at 0x7f85ba876700>,0.95,300,0.001,0.6025
314,0.1,<function sigmoid at 0x7f85ba876700>,0.95,300,0.01,0.5
315,0.1,<function tanh at 0x7f85ba876670>,0.85,300,0.0001,0.79875
316,0.1,<function tanh at 0x7f85ba876670>,0.85,300,0.001,0.79375
317,0.1,<function tanh at 0x7f85ba876670>,0.85,300,0.01,0.7949999999999999
318,0.1,<function tanh at 0x7f85ba876670>,0.9,300,0.0001,0.80375
319,0.1,<function tanh at 0x7f85ba876670>,0.9,300,0.001,0.8012499999999999
320,0.1,<function tanh at 0x7f85ba876670>,0.9,300,0.01,0.8062499999999998
321,0.1,<function tanh at 0x7f85ba876670>,0.95,300,0.0001,0.81125
322,0.1,<function tanh at 0x7f85ba876670>,0.95,300,0.001,0.8125
323,0.1,<function tanh at 0x7f85ba876670>,0.95,300,0.01,0.80625
324,0.001,<function relu at 0x7f85ba874d30>,0.85,50,0.0001,0.5525
325,0.001,<function relu at 0x7f85ba874d30>,0.85,50,0.001,0.5737499999999999
326,0.001,<function relu at 0x7f85ba874d30>,0.85,50,0.01,0.6375
327,0.001,<function relu at 0x7f85ba874d30>,0.9,50,0.0001,0.565
328,0.001,<function relu at 0x7f85ba874d30>,0.9,50,0.001,0.57375
329,0.001,<function relu at 0x7f85ba874d30>,0.9,50,0.01,0.57125
330,0.001,<function relu at 0x7f85ba874d30>,0.95,50,0.0001,0.6525000000000001
331,0.001,<function relu at 0x7f85ba874d30>,0.95,50,0.001,0.5975
332,0.001,<function relu at 0x7f85ba874d30>,0.95,50,0.01,0.62625
333,0.001,<function sigmoid at 0x7f85ba876700>,0.85,50,0.0001,0.5125
334,0.001,<function sigmoid at 0x7f85ba876700>,0.85,50,0.001,0.53
335,0.001,<function sigmoid at 0x7f85ba876700>,0.85,50,0.01,0.4925
336,0.001,<function sigmoid at 0x7f85ba876700>,0.9,50,0.0001,0.5075000000000001
337,0.001,<function sigmoid at 0x7f85ba876700>,0.9,50,0.001,0.51125
338,0.001,<function sigmoid at 0x7f85ba876700>,0.9,50,0.01,0.5025000000000001
339,0.001,<function sigmoid at 0x7f85ba876700>,0.95,50,0.0001,0.5
340,0.001,<function sigmoid at 0x7f85ba876700>,0.95,50,0.001,0.50625
341,0.001,<function sigmoid at 0x7f85ba876700>,0.95,50,0.01,0.5037499999999999
342,0.001,<function tanh at 0x7f85ba876670>,0.85,50,0.0001,0.58375
343,0.001,<function tanh at 0x7f85ba876670>,0.85,50,0.001,0.5912499999999999
344,0.001,<function tanh at 0x7f85ba876670>,0.85,50,0.01,0.6625
345,0.001,<function tanh at 0x7f85ba876670>,0.9,50,0.0001,0.5650000000000001
346,0.001,<function tanh at 0x7f85ba876670>,0.9,50,0.001,0.6275000000000001
347,0.001,<function tanh at 0x7f85ba876670>,0.9,50,0.01,0.6487499999999999
348,0.001,<function tanh at 0x7f85ba876670>,0.95,50,0.0001,0.6749999999999999
349,0.001,<function tanh at 0x7f85ba876670>,0.95,50,0.001,0.6525000000000001
350,0.001,<function tanh at 0x7f85ba876670>,0.95,50,0.01,0.6875
351,0.001,<function relu at 0x7f85ba874d30>,0.85,100,0.0001,0.5825
352,0.001,<function relu at 0x7f85ba874d30>,0.85,100,0.001,0.6562500000000001
353,0.001,<function relu at 0x7f85ba874d30>,0.85,100,0.01,0.63125
354,0.001,<function relu at 0x7f85ba874d30>,0.9,100,0.0001,0.6625
355,0.001,<function relu at 0x7f85ba874d30>,0.9,100,0.001,0.59375
356,0.001,<function relu at 0x7f85ba874d30>,0.9,100,0.01,0.58375
357,0.001,<function relu at 0x7f85ba874d30>,0.95,100,0.0001,0.65
358,0.001,<function relu at 0x7f85ba874d30>,0.95,100,0.001,0.6637500000000001
359,0.001,<function relu at 0x7f85ba874d30>,0.95,100,0.01,0.6637500000000001
360,0.001,<function sigmoid at 0x7f85ba876700>,0.85,100,0.0001,0.50625
361,0.001,<function sigmoid at 0x7f85ba876700>,0.85,100,0.001,0.5
362,0.001,<function sigmoid at 0x7f85ba876700>,0.85,100,0.01,0.50125
363,0.001,<function sigmoid at 0x7f85ba876700>,0.9,100,0.0001,0.505
364,0.001,<function sigmoid at 0x7f85ba876700>,0.9,100,0.001,0.5
365,0.001,<function sigmoid at 0x7f85ba876700>,0.9,100,0.01,0.5
366,0.001,<function sigmoid at 0x7f85ba876700>,0.95,100,0.0001,0.5
367,0.001,<function sigmoid at 0x7f85ba876700>,0.95,100,0.001,0.51
368,0.001,<function sigmoid at 0x7f85ba876700>,0.95,100,0.01,0.5
369,0.001,<function tanh at 0x7f85ba876670>,0.85,100,0.0001,0.65
370,0.001,<function tanh at 0x7f85ba876670>,0.85,100,0.001,0.64125
371,0.001,<function tanh at 0x7f85ba876670>,0.85,100,0.01,0.70625
372,0.001,<function tanh at 0x7f85ba876670>,0.9,100,0.0001,0.69875
373,0.001,<function tanh at 0x7f85ba876670>,0.9,100,0.001,0.7125
374,0.001,<function tanh at 0x7f85ba876670>,0.9,100,0.01,0.67625
375,0.001,<function tanh at 0x7f85ba876670>,0.95,100,0.0001,0.7175
376,0.001,<function tanh at 0x7f85ba876670>,0.95,100,0.001,0.735
377,0.001,<function tanh at 0x7f85ba876670>,0.95,100,0.01,0.7150000000000001
378,0.001,<function relu at 0x7f85ba874d30>,0.85,200,0.0001,0.6387499999999999
379,0.001,<function relu at 0x7f85ba874d30>,0.85,200,0.001,0.6937500000000001
380,0.001,<function relu at 0x7f85ba874d30>,0.85,200,0.01,0.65
381,0.001,<function relu at 0x7f85ba874d30>,0.9,200,0.0001,0.6775
382,0.001,<function relu at 0x7f85ba874d30>,0.9,200,0.001,0.6925
383,0.001,<function relu at 0x7f85ba874d30>,0.9,200,0.01,0.6799999999999999
384,0.001,<function relu at 0x7f85ba874d30>,0.95,200,0.0001,0.70875
385,0.001,<function relu at 0x7f85ba874d30>,0.95,200,0.001,0.7125
386,0.001,<function relu at 0x7f85ba874d30>,0.95,200,0.01,0.72
387,0.001,<function sigmoid at 0x7f85ba876700>,0.85,200,0.0001,0.50125
388,0.001,<function sigmoid at 0x7f85ba876700>,0.85,200,0.001,0.52125
389,0.001,<function sigmoid at 0x7f85ba876700>,0.85,200,0.01,0.5
390,0.001,<function sigmoid at 0x7f85ba876700>,0.9,200,0.0001,0.5
391,0.001,<function sigmoid at 0x7f85ba876700>,0.9,200,0.001,0.5
392,0.001,<function sigmoid at 0x7f85ba876700>,0.9,200,0.01,0.50625
393,0.001,<function sigmoid at 0x7f85ba876700>,0.95,200,0.0001,0.505
394,0.001,<function sigmoid at 0x7f85ba876700>,0.95,200,0.001,0.515
395,0.001,<function sigmoid at 0x7f85ba876700>,0.95,200,0.01,0.51375
396,0.001,<function tanh at 0x7f85ba876670>,0.85,200,0.0001,0.72625
397,0.001,<function tanh at 0x7f85ba876670>,0.85,200,0.001,0.73
398,0.001,<function tanh at 0x7f85ba876670>,0.85,200,0.01,0.7262500000000001
399,0.001,<function tanh at 0x7f85ba876670>,0.9,200,0.0001,0.7299999999999999
400,0.001,<function tanh at 0x7f85ba876670>,0.9,200,0.001,0.7275
401,0.001,<function tanh at 0x7f85ba876670>,0.9,200,0.01,0.73
402,0.001,<function tanh at 0x7f85ba876670>,0.95,200,0.0001,0.7374999999999999
403,0.001,<function tanh at 0x7f85ba876670>,0.95,200,0.001,0.745
404,0.001,<function tanh at 0x7f85ba876670>,0.95,200,0.01,0.74125
405,0.001,<function relu at 0x7f85ba874d30>,0.85,300,0.0001,0.68875
406,0.001,<function relu at 0x7f85ba874d30>,0.85,300,0.001,0.715
407,0.001,<function relu at 0x7f85ba874d30>,0.85,300,0.01,0.69125
408,0.001,<function relu at 0x7f85ba874d30>,0.9,300,0.0001,0.7075
409,0.001,<function relu at 0x7f85ba874d30>,0.9,300,0.001,0.69875
410,0.001,<function relu at 0x7f85ba874d30>,0.9,300,0.01,0.7224999999999999
411,0.001,<function relu at 0x7f85ba874d30>,0.95,300,0.0001,0.7237500000000001
412,0.001,<function relu at 0x7f85ba874d30>,0.95,300,0.001,0.72875
413,0.001,<function relu at 0x7f85ba874d30>,0.95,300,0.01,0.745
414,0.001,<function sigmoid at 0x7f85ba876700>,0.85,300,0.0001,0.5075000000000001
415,0.001,<function sigmoid at 0x7f85ba876700>,0.85,300,0.001,0.50875
416,0.001,<function sigmoid at 0x7f85ba876700>,0.85,300,0.01,0.5
417,0.001,<function sigmoid at 0x7f85ba876700>,0.9,300,0.0001,0.5175000000000001
418,0.001,<function sigmoid at 0x7f85ba876700>,0.9,300,0.001,0.5025000000000001
419,0.001,<function sigmoid at 0x7f85ba876700>,0.9,300,0.01,0.52125
420,0.001,<function sigmoid at 0x7f85ba876700>,0.95,300,0.0001,0.61125
421,0.001,<function sigmoid at 0x7f85ba876700>,0.95,300,0.001,0.57375
422,0.001,<function sigmoid at 0x7f85ba876700>,0.95,300,0.01,0.5625000000000001
423,0.001,<function tanh at 0x7f85ba876670>,0.85,300,0.0001,0.73875
424,0.001,<function tanh at 0x7f85ba876670>,0.85,300,0.001,0.7300000000000001
425,0.001,<function tanh at 0x7f85ba876670>,0.85,300,0.01,0.73125
426,0.001,<function tanh at 0x7f85ba876670>,0.9,300,0.0001,0.7475
427,0.001,<function tanh at 0x7f85ba876670>,0.9,300,0.001,0.73125
428,0.001,<function tanh at 0x7f85ba876670>,0.9,300,0.01,0.74125
429,0.001,<function tanh at 0x7f85ba876670>,0.95,300,0.0001,0.7487499999999999
430,0.001,<function tanh at 0x7f85ba876670>,0.95,300,0.001,0.74125
431,0.001,<function tanh at 0x7f85ba876670>,0.95,300,0.01,0.7387499999999999
